,City,Country,Cloudiness,Date,Humidity,Lat,Lng,Max Temp,Wind Speed
0,hobart,AU,40,12/04/2019,50,-42.88,147.33,53.6,19.46
1,bulgan,MN,0,12/04/2019,66,48.81,103.53,4.32,2.73
2,hervey bay,AU,75,12/04/2019,94,-25.3,152.85,70,2.24
3,alihe,CN,32,12/04/2019,91,50.57,123.73,-19.48,4.97
4,darhan,MN,0,12/04/2019,81,49.49,105.92,0.28,4.74
5,mount gambier,AU,90,12/04/2019,81,-37.83,140.78,53.6,11.41
6,horsham,AU,8,12/04/2019,97,-36.71,142.2,47.89,4.99
7,smithers,CA,90,12/04/2019,100,54.78,-127.17,21.2,4.7
8,moose factory,CA,90,12/04/2019,85,51.26,-80.61,19.4,8.05
9,mount isa,AU,34,12/04/2019,14,-20.73,139.49,75.2,10.29
10,ferkessedougou,CI,49,12/04/2019,18,9.6,-5.2,84.52,1.32
11,makubetsu,JP,2,12/04/2019,64,42.84,143.34,18.84,11.23
12,kurilsk,RU,99,12/04/2019,86,45.23,147.88,24.89,32.86
13,coquimbo,CL,1,12/04/2019,67,-29.95,-71.34,78.01,9.17
14,hilo,US,90,12/04/2019,83,19.71,-155.08,70,2.89
15,pacific grove,US,90,12/04/2019,87,36.62,-121.92,55.99,2.17
16,kalmunai,LK,80,12/04/2019,80,7.42,81.82,82.31,22.17
17,yelan,RU,100,12/04/2019,89,50.95,43.74,23.18,13.02
18,genhe,CN,6,12/04/2019,96,50.78,121.52,-23.39,3.49
19,road town,VG,40,12/04/2019,74,18.42,-64.62,87.8,9.17
20,kahului,US,20,12/04/2019,78,20.89,-156.47,73.99,4.7
21,kavieng,PG,1,12/04/2019,68,-2.57,150.8,83.39,3.36
22,porto novo,CV,40,12/04/2019,57,17.02,-25.06,78.8,26.4
23,ponta do sol,CV,40,12/04/2019,57,17.2,-25.09,78.8,26.4
24,caernarfon,GB,100,12/04/2019,93,53.14,-4.27,51.01,12.75
25,lompoc,US,40,12/04/2019,87,34.64,-120.46,60.8,9.17
26,biak,ID,100,12/04/2019,75,-0.91,122.88,81.81,2.35
27,kailua,US,75,12/04/2019,73,21.39,-157.74,77,10.29
28,pangnirtung,CA,20,12/04/2019,76,66.15,-65.72,-5.8,2.24
29,ulaangom,MN,100,12/04/2019,91,49.98,92.07,2.77,3.6
30,palora,EC,75,12/04/2019,61,-1.7,-77.97,77,9.17
31,cidreira,BR,11,12/04/2019,84,-30.17,-50.22,72.05,13.24
32,kiunga,PG,39,12/04/2019,99,-6.12,141.3,71.73,1.57
33,kapaa,US,90,12/04/2019,94,22.08,-159.32,73.4,11.41
34,zabol,IR,0,12/04/2019,43,31.03,61.49,51.8,6.93
35,mapiripan,CO,25,12/04/2019,74,2.89,-72.13,85.55,6.51
36,sao joao da barra,BR,90,12/04/2019,73,-21.64,-41.05,77,20.8
37,caravelas,BR,100,12/04/2019,98,-17.73,-39.27,72.34,7.76
38,beringovskiy,RU,100,12/04/2019,85,63.05,179.32,27.18,35.57
39,sao filipe,CV,100,12/04/2019,76,14.9,-24.5,72.81,20.18
40,okato,NZ,0,12/04/2019,93,-39.19,173.88,62.01,8.99
41,erie,US,90,12/04/2019,95,42.13,-80.09,35.6,6.93
42,hirara,JP,100,12/04/2019,84,24.8,125.28,68.05,26.35
43,faro,PT,100,12/04/2019,76,37.02,-7.94,54,8.05
44,verkhnyaya toyma,RU,95,12/04/2019,96,62.24,45,20.34,3.02
45,cabo san lucas,MX,5,12/04/2019,69,22.89,-109.91,78.01,4.7
46,springdale,CA,100,12/04/2019,87,49.5,-56.06,42.01,5.99
47,new norfolk,AU,40,12/04/2019,50,-42.78,147.06,53.6,19.46
48,zhirnovsk,RU,100,12/04/2019,92,50.98,44.78,22.78,15.03
49,karlskrona,SE,90,12/04/2019,87,56.16,15.59,42.8,8.05
50,kununurra,AU,32,12/04/2019,69,-15.77,128.74,78.8,3.36
51,akureyri,IS,20,12/04/2019,74,65.68,-18.09,28.4,11.41
52,makakilo city,US,1,12/04/2019,83,21.35,-158.09,77,3.36
53,ust-omchug,RU,99,12/04/2019,98,61.13,149.63,-29.4,9.46
54,shimoda,JP,0,12/04/2019,66,34.7,138.93,43,25.59
55,ushuaia,AR,75,12/04/2019,81,-54.81,-68.31,55.4,28.86
56,mundgod,IN,74,12/04/2019,76,14.97,75.04,69.67,13
57,cabinda,AO,75,12/04/2019,83,-5.56,12.19,80.6,5.82
58,kurumkan,RU,36,12/04/2019,66,54.33,110.32,-19.64,1.05
59,atuona,PF,38,12/04/2019,73,-9.8,-139.03,78.84,14.25
60,jimenez,MX,75,12/04/2019,36,28.33,-105.4,62.6,4.7
61,venado tuerto,AR,19,12/04/2019,21,-33.75,-61.97,78.15,18.23
62,voznesenye,RU,100,12/04/2019,95,61.02,35.48,37.15,10.09
63,stornoway,GB,40,12/04/2019,75,58.21,-6.39,42.8,16.11
64,beloha,MG,33,12/04/2019,74,-25.17,45.06,76.46,13.06
65,lorengau,PG,0,12/04/2019,73,-2.02,147.27,83.1,4.74
66,camabatela,AO,100,12/04/2019,98,-8.19,15.37,65.62,4.74
67,los llanos de aridane,ES,20,12/04/2019,60,28.66,-17.92,69.8,10.29
68,verkhoyansk,RU,99,12/04/2019,98,67.55,133.39,-40.31,0.27
69,chau doc,VN,100,12/04/2019,78,10.71,105.12,69.01,6.29
70,faanui,PF,58,12/04/2019,71,-16.48,-151.75,82.11,7.07
71,pimentel,PE,36,12/04/2019,29,-6.84,-79.94,66.2,10.29
72,viedma,AR,73,12/04/2019,52,-40.81,-62.99,60.89,15.95
73,setermoen,NO,75,12/04/2019,87,68.86,18.35,42.8,9.17
74,grindavik,IS,75,12/04/2019,68,63.84,-22.43,30.2,17.22
75,matara,LK,100,12/04/2019,98,5.95,80.54,73.47,2.75
76,clyde river,CA,75,12/04/2019,83,70.47,-68.59,-9.4,6.93
77,pisco,PE,40,12/04/2019,30,-13.71,-76.2,71.6,10.29
78,topchikha,RU,75,12/04/2019,92,52.82,83.12,26.6,6.71
79,lebu,CL,0,12/04/2019,44,-37.62,-73.65,67.59,13.13
80,bubaque,GW,43,12/04/2019,49,11.28,-15.83,88.07,5.46
81,toora-khem,RU,92,12/04/2019,92,52.47,96.11,3.7,1.1
82,mangan,IN,0,12/04/2019,17,27.5,88.54,41.29,7.11
83,koslan,RU,89,12/04/2019,97,63.46,48.9,10.35,2.93
84,xai-xai,MZ,100,12/04/2019,69,-25.04,33.64,68.36,13.89
85,goya,AR,89,12/04/2019,48,-29.14,-59.27,78.4,9.01
86,dingle,IE,75,12/04/2019,75,52.14,-10.27,46.4,10.29
87,ishigaki,JP,100,12/04/2019,82,24.34,124.16,68.59,31
88,vao,NC,100,12/04/2019,80,-22.67,167.48,75.54,3.71
89,andenes,NO,75,12/04/2019,81,69.31,16.12,44.6,33.33
90,gopalpur,IN,0,12/04/2019,44,25.6,86.94,63.34,4.18
91,khatanga,RU,0,12/04/2019,84,71.98,102.47,-26.79,10.76
92,marsa matruh,EG,17,12/04/2019,63,31.35,27.25,60.8,2.55
93,kuala selangor,MY,20,12/04/2019,88,3.34,101.25,80.6,2.21
94,bredasdorp,ZA,0,12/04/2019,55,-34.53,20.04,63,14.99
95,matay,EG,0,12/04/2019,56,28.42,30.79,59.79,11.81
96,enid,US,1,12/04/2019,47,36.4,-97.88,57.2,5.82
97,alta floresta,BR,40,12/04/2019,59,-9.87,-56.08,91.4,3.36
98,karachev,RU,100,12/04/2019,93,53.12,35,27.52,18.07
99,muros,ES,0,12/04/2019,81,42.77,-9.06,52,6.93
100,urengoy,RU,89,12/04/2019,97,65.96,78.37,0.81,9.66
101,la rioja,AR,98,12/04/2019,59,-29.41,-66.86,61.83,8.03
102,montanha,BR,100,12/04/2019,95,-18.13,-40.37,70.43,7.43
103,shenjiamen,CN,0,12/04/2019,50,29.96,122.3,54.09,11.36
104,henties bay,NA,79,12/04/2019,83,-22.12,14.28,64,5.01
105,chokurdakh,RU,99,12/04/2019,93,70.62,147.9,-12.15,8.41
106,pingliang,CN,15,12/04/2019,47,35.54,106.68,22.46,5.73
107,srednekolymsk,RU,100,12/04/2019,98,67.46,153.71,-12.35,9.53
108,lujan,AR,79,12/04/2019,32,-46.57,-67.67,68.9,17.69
109,cape town,ZA,0,12/04/2019,36,-33.93,18.42,75.2,18.34
110,mar del plata,AR,79,12/04/2019,32,-46.43,-67.52,68.9,17.69
111,bafq,IR,0,12/04/2019,54,31.6,55.4,54.63,2.98
112,urozhaynoye,RU,100,12/04/2019,87,47.7,142.03,18.46,23.15
113,shilong,CN,73,12/04/2019,21,23.11,113.84,64,13.42
114,ambon,ID,100,12/04/2019,77,-3.7,128.18,82.49,5.88
115,susanville,US,90,12/04/2019,100,40.42,-120.65,36,2.19
116,luderitz,NA,0,12/04/2019,16,-26.65,15.16,91.4,18.34
117,evensk,RU,100,12/04/2019,84,61.92,159.24,5.83,23.6
118,letpadan,MM,10,12/04/2019,87,17.78,95.75,67.64,1.79
119,klaksvik,FO,98,12/04/2019,66,62.23,-6.59,37.4,23.04
120,tulun,RU,100,12/04/2019,95,54.56,100.58,10.83,2.98
121,itoman,JP,75,12/04/2019,68,26.12,127.67,66.2,16.11
122,darlawn,IN,0,12/04/2019,91,24.02,92.93,54.34,2.59
123,marawi,SD,0,12/04/2019,19,18.48,31.82,72.36,11.61
124,chuy,UY,31,12/04/2019,44,-33.69,-53.46,81.23,3.62
125,diffa,NE,100,12/04/2019,16,13.32,12.61,76.05,8.77
126,kloulklubed,PW,75,12/04/2019,94,7.04,134.26,75.2,12.3
127,kolokani,ML,0,12/04/2019,12,13.58,-8.03,84.63,6.67
128,paoua,CF,32,12/04/2019,34,7.24,16.43,76.05,2.04
129,jiuquan,CN,92,12/04/2019,39,39.73,98.49,21.47,7.27
130,jeremie,HT,16,12/04/2019,80,18.65,-74.12,77.7,3.22
131,necochea,AR,61,12/04/2019,78,-38.55,-58.74,59,10
132,avarua,CK,0,12/04/2019,88,-21.21,-159.78,77,3.36
133,payakumbuh,ID,78,12/04/2019,95,-0.23,100.63,66.94,0.49
134,brownsville,US,90,12/04/2019,83,25.91,-97.49,73,4.7
135,ybycui,PY,60,12/04/2019,49,-26.02,-57.05,87.22,6.89
136,kisanga,TZ,75,12/04/2019,83,-5.57,32.88,71.6,9.17
137,ancud,CL,51,12/04/2019,63,-41.87,-73.83,62.6,11.41
138,pimenta bueno,BR,45,12/04/2019,56,-11.68,-61.19,89.69,5.57
139,soure,BR,51,12/04/2019,61,-0.72,-48.52,87.6,10.36
140,tomatlan,MX,1,12/04/2019,47,19.93,-105.25,87.13,1.66
141,baijiantan,CN,24,12/04/2019,67,45.63,85.18,18.97,3.31
142,port elizabeth,ZA,5,12/04/2019,59,-33.92,25.57,60.8,2.24
143,paraiso,MX,5,12/04/2019,20,24.01,-104.61,68,2.24
144,souillac,MU,75,12/04/2019,78,-20.52,57.52,78.01,10.29
145,ostrovnoy,RU,45,12/04/2019,92,68.05,39.51,10.36,6.13
146,port shepstone,ZA,100,12/04/2019,79,-30.74,30.45,61.07,5.14
147,tuatapere,NZ,97,12/04/2019,86,-46.13,167.69,46.99,5.99
148,gara,HU,90,12/04/2019,100,46.03,19.04,30.2,6.93
149,san angelo,US,1,12/04/2019,41,31.46,-100.44,64.99,3.36
150,port augusta,AU,0,12/04/2019,71,-32.49,137.76,55,3.36
151,eureka,US,90,12/04/2019,93,40.8,-124.16,55,3.36
152,elko,US,40,12/04/2019,69,40.83,-115.76,35.6,3.65
153,haines junction,CA,100,12/04/2019,96,60.75,-137.51,0.14,4.41
154,port hedland,AU,0,12/04/2019,88,-20.31,118.58,78.8,5.82
155,lavrentiya,RU,20,12/04/2019,83,65.58,-170.99,11.35,12.73
156,fallon,US,1,12/04/2019,56,46.84,-105.12,44.6,8.05
157,port keats,AU,63,12/04/2019,79,-14.25,129.55,84.38,7.02
158,andros town,BS,75,12/04/2019,56,24.73,-77.79,73.99,14.99
159,salina cruz,MX,66,12/04/2019,68,16.18,-95.2,80.82,22.37
160,portland,AU,0,12/04/2019,61,-33.35,149.98,46.99,7.23
161,cumra,TR,75,12/04/2019,93,37.57,32.77,35.6,11.41
162,kruisfontein,ZA,0,12/04/2019,73,-34,24.73,54.52,7.07
163,saquena,PE,72,12/04/2019,50,-4.67,-73.52,93.85,1.54
164,cockburn town,BS,65,12/04/2019,68,24.03,-74.52,75.79,19.82
165,port lincoln,AU,10,12/04/2019,61,-34.72,135.86,58.12,3.74
166,changtu,CN,0,12/04/2019,70,42.78,124.11,-2.4,5.99
167,port macquarie,AU,0,12/04/2019,100,-31.43,152.91,55.99,9.4
168,taman,ID,87,12/04/2019,75,-7.74,113.5,82.72,2.08
169,nizhniy kuranakh,RU,0,12/04/2019,92,58.84,125.49,-31.92,3.36
170,isangel,VU,64,12/04/2019,88,-19.55,169.27,76.08,13.35
171,butaritari,KI,95,12/04/2019,73,3.07,172.79,84.79,6.64
172,port-gentil,GA,40,12/04/2019,88,-0.72,8.78,80.6,6.93
173,iralaya,HN,22,12/04/2019,77,15,-83.23,81.28,20.15
174,luganville,VU,55,12/04/2019,97,-15.51,167.18,72.1,1.41
175,rio grande,BR,16,12/04/2019,54,-32.03,-52.1,84.2,10.29
176,mamallapuram,IN,40,12/04/2019,74,12.63,80.17,81,5.82
177,rehoboth,NA,89,12/04/2019,65,-23.31,17.08,64.18,2.44
178,yatou,CN,21,12/04/2019,86,33.81,104.32,23.27,2.26
179,ribeira grande,PT,40,12/04/2019,63,38.52,-28.7,64.4,5.82
180,santa cruz del sur,CU,44,12/04/2019,70,20.71,-78,76.05,4.41
181,lluta,PE,72,12/04/2019,28,-16.02,-72.01,69.8,11.41
182,hithadhoo,MV,68,12/04/2019,78,-0.6,73.08,83.44,10.04
183,petropavlovsk-kamchatskiy,RU,60,12/04/2019,84,53.05,158.65,6.8,6.71
184,port blair,IN,1,12/04/2019,72,11.67,92.75,80.83,17.56
185,diofior,SN,91,12/04/2019,47,14.19,-16.66,96.8,14.99
186,hobyo,SO,39,12/04/2019,66,5.35,48.53,79.48,13.65
187,saldanha,ZA,0,12/04/2019,28,-33.01,17.94,82.4,11.41
188,kudahuvadhoo,MV,100,12/04/2019,85,2.67,72.89,80.42,19.37
189,el dorado,US,1,12/04/2019,37,37.82,-96.86,55.4,3.36
190,fortuna,US,90,12/04/2019,93,40.6,-124.16,54,3.36
191,sunrise manor,US,90,12/04/2019,100,36.21,-115.07,51.8,1.54
192,kulhudhuffushi,MV,100,12/04/2019,80,6.62,73.07,82.53,16.26
193,erenhot,CN,0,12/04/2019,68,43.65,111.97,10.08,7.74
194,sulangan,PH,76,12/04/2019,79,11.14,123.72,82.2,6.42
195,margate,ZA,100,12/04/2019,64,-30.86,30.37,67.73,14.47
196,staryy nadym,RU,72,12/04/2019,96,65.61,72.68,0.39,9.91
197,olga,RU,24,12/04/2019,75,43.74,135.29,12.56,28.54
198,masuguru,TZ,98,12/04/2019,53,-11.37,38.42,85.84,8.25
199,leningradskiy,RU,100,12/04/2019,86,69.38,178.42,16,8.93
200,asenovgrad,BG,75,12/04/2019,86,42.01,24.88,35.6,1.12
201,jacareacanga,BR,75,12/04/2019,63,-6.22,-57.76,91.4,4.7
202,havre-saint-pierre,CA,90,12/04/2019,79,50.23,-63.6,26.6,8.05
203,domoni,KM,12,12/04/2019,69,-12.26,44.53,85.1,2.53
204,karasjok,NO,75,12/04/2019,92,69.47,25.52,28.4,25.28
205,jalu,LY,100,12/04/2019,37,29.03,21.55,65.57,8.28
206,beidao,CN,40,12/04/2019,78,34.57,105.89,25.16,1.43
207,muli,MV,100,12/04/2019,78,2.92,73.57,80.6,20.89
208,angoche,MZ,84,12/04/2019,80,-16.23,39.91,81.27,4.65
209,manavalakurichi,IN,75,12/04/2019,88,8.13,77.3,80.6,3.36
210,dzaoudzi,YT,75,12/04/2019,83,-12.79,45.27,84.2,5.82
211,talara,PE,40,12/04/2019,100,-4.58,-81.27,62.6,14.99
212,uaua,BR,39,12/04/2019,17,-9.84,-39.48,96.31,11.9
213,petatlan,MX,20,12/04/2019,70,17.52,-101.27,91.4,4.7
214,moroni,KM,58,12/04/2019,73,-11.7,43.26,84.22,7.87
215,thinadhoo,MV,93,12/04/2019,77,0.53,72.93,83.55,9.75
216,chumikan,RU,75,12/04/2019,70,54.72,135.31,-7.38,13.91
217,talnakh,RU,75,12/04/2019,84,69.49,88.39,5,17.9
218,hamilton,BM,90,12/04/2019,64,32.3,-64.78,72,28.86
219,carnarvon,AU,15,12/04/2019,83,-24.87,113.63,77,13.87
220,yellowknife,CA,20,12/04/2019,74,62.45,-114.38,-23.8,6.93
221,gornopravdinsk,RU,100,12/04/2019,92,60.06,69.92,9.9,7.72
222,qaqortoq,GL,20,12/04/2019,40,60.72,-46.03,14,5.82
223,boyolangu,ID,13,12/04/2019,84,-8.09,111.9,74.82,3.33
224,hofn,IS,90,12/04/2019,100,64.25,-15.21,28.4,2.24
225,farafangana,MG,8,12/04/2019,83,-22.82,47.83,80.1,17.87
226,namatanai,PG,53,12/04/2019,74,-3.66,152.44,82.33,2.46
227,beyneu,KZ,100,12/04/2019,94,45.32,55.19,33.76,12.84
228,north bend,US,1,12/04/2019,93,43.41,-124.22,50,4.7
229,adrian,US,90,12/04/2019,64,41.9,-84.04,39.2,12.75
230,inta,RU,100,12/04/2019,75,66.04,60.13,8.56,1.63
231,husavik,IS,20,12/04/2019,74,66.04,-17.34,28.4,11.41
232,harrison,US,1,12/04/2019,49,39.26,-84.82,48,19.46
233,alampur,IN,48,12/04/2019,86,15.88,78.14,70.54,8.7
234,mamakan,RU,94,12/04/2019,87,57.82,114.02,-25.65,2.71
235,veseloyarsk,RU,0,12/04/2019,69,51.29,81.11,17.76,4.59
236,yerbogachen,RU,100,12/04/2019,93,61.28,108.01,-3.28,10.09
237,joao pinheiro,BR,100,12/04/2019,91,-17.74,-46.17,71.98,8.81
238,birjand,IR,6,12/04/2019,60,32.86,59.22,41,4.7
239,churapcha,RU,50,12/04/2019,99,62,132.43,-40.16,4.52
240,tasiilaq,GL,20,12/04/2019,58,65.61,-37.64,24.8,14.99
241,upernavik,GL,100,12/04/2019,81,72.79,-56.15,15.46,13.82
242,filadelfia,PY,99,12/04/2019,70,-22.35,-60.04,83.1,10.09
243,galveston,US,40,12/04/2019,75,40.58,-86.19,43,23.04
244,concarneau,FR,41,12/04/2019,91,47.88,-3.92,39.2,4.7
245,port moresby,PG,75,12/04/2019,94,-9.47,147.16,77,3.36
246,saskylakh,RU,0,12/04/2019,99,71.97,114.09,-39.41,2.35
247,joinville,BR,75,12/04/2019,83,-26.3,-48.85,77,9.17
248,flin flon,CA,90,12/04/2019,85,54.77,-101.88,21.2,8.05
249,kinango,KE,20,12/04/2019,83,-4.13,39.32,82.4,6.93
250,vetluga,RU,100,12/04/2019,92,57.85,45.78,23.09,7.78
251,colac,AU,98,12/04/2019,99,-38.34,143.59,54,7
252,derzhavinsk,KZ,46,12/04/2019,94,51.1,66.31,26.98,9.6
253,port townsend,US,90,12/04/2019,93,48.12,-122.76,50,2.24
254,samarai,PG,92,12/04/2019,92,-10.62,150.67,75.96,3.51
255,guajara,BR,40,12/04/2019,70,-0.88,-48.16,86,9.17
256,albany,AU,90,12/04/2019,82,-35.02,117.88,60.8,6.93
257,hoa binh,VN,0,12/04/2019,44,20.81,105.34,60.8,5.82
258,vanimo,PG,98,12/04/2019,79,-2.67,141.3,83.1,10.4
259,linkoping,SE,75,12/04/2019,87,58.41,15.62,42.8,6.93
260,hami,CN,0,12/04/2019,60,42.84,93.51,20.89,1.83
261,tumen,CN,0,12/04/2019,70,42.97,129.84,-1.82,12.59
262,thomasville,US,1,12/04/2019,34,35.88,-80.08,57.2,9.17
263,yondo,CO,20,12/04/2019,59,7.01,-73.91,89.6,3.36
264,alice springs,AU,25,12/04/2019,17,-23.7,133.88,62.6,4.7
265,yershov,RU,38,12/04/2019,93,51.35,48.28,17.53,12.44
266,fort nelson,CA,90,12/04/2019,84,58.81,-122.69,6.8,2.24
267,ouesso,CG,41,12/04/2019,72,1.61,16.05,77.2,1.77
268,greenville,US,1,12/04/2019,33,34.85,-82.4,61,11.41
269,abu dhabi,AE,0,12/04/2019,73,24.47,54.37,75.2,4.7
270,aguada de pasajeros,CU,20,12/04/2019,47,22.38,-80.85,78.8,9.17
271,sarangani,PH,97,12/04/2019,76,5.4,125.46,81.93,2.75
272,kaeo,NZ,68,12/04/2019,100,-35.1,173.78,66,7.2
273,atherton,AU,40,12/04/2019,78,-17.27,145.48,80.6,2.24
274,killybegs,IE,40,12/04/2019,70,54.63,-8.45,46.4,17.22
275,bathsheba,BB,75,12/04/2019,62,13.22,-59.52,87.8,24.16
276,wamba,CD,75,12/04/2019,97,2.14,27.99,67.44,1.99
277,mariestad,SE,17,12/04/2019,93,58.71,13.82,41,13.87
278,kendari,ID,100,12/04/2019,90,-3.99,122.52,76.17,1.28
279,baker city,US,90,12/04/2019,80,44.77,-117.83,39.2,13.87
280,hanzhong,CN,100,12/04/2019,62,33.08,107.03,41.41,0.38
281,lamu,KE,1,12/04/2019,83,-2.27,40.9,80.6,12.73
282,kaitangata,NZ,39,12/04/2019,62,-46.28,169.85,51.01,5.99
283,carman,CA,1,12/04/2019,90,49.51,-98,32,14.99
284,san buenaventura,HN,75,12/04/2019,74,15.03,-88,80.6,13.87
285,nokaneng,BW,100,12/04/2019,71,-19.66,22.19,74.62,2.62
286,dehloran,IR,16,12/04/2019,68,32.69,47.27,61.11,7.02
287,vilyuysk,RU,100,12/04/2019,98,63.75,121.63,-20.38,5.53
288,lind,DK,75,12/04/2019,93,56.11,8.98,46,9.17
289,yenagoa,NG,98,12/04/2019,85,4.92,6.26,79.38,6.04
290,kez,RU,100,12/04/2019,96,57.9,53.72,14.16,4.79
291,vyshestebliyevskaya,RU,40,12/04/2019,60,45.2,37,32,2.24
292,puerto ayora,EC,40,12/04/2019,69,-0.74,-90.35,78.8,12.75
293,udomlya,RU,100,12/04/2019,95,57.88,35,37.27,8.95
294,caxito,AO,20,12/04/2019,78,-8.58,13.66,80.6,8.05
295,druzhba,UA,8,12/04/2019,77,49.36,25.65,28,5.01
296,junction city,US,1,12/04/2019,43,39.03,-96.83,53.6,4.7
297,tabuk,SA,0,12/04/2019,41,28.38,36.58,59,13.87
298,mitchell,US,1,12/04/2019,69,43.71,-98.03,37.4,9.17
299,idritsa,RU,100,12/04/2019,94,56.33,28.9,38.28,11.23
300,smolensk,RU,100,12/04/2019,94,54.79,32.05,35.94,13.8
301,trabzon,TR,75,12/04/2019,87,41.01,39.72,44.6,6.35
302,le pradet,FR,90,12/04/2019,100,46.44,1.83,35.01,8.05
303,karhal,IN,0,12/04/2019,37,27,78.94,61.32,2.13
304,maraa,BR,33,12/04/2019,49,-1.83,-65.37,92.7,5.06
305,vagur,FO,80,12/04/2019,66,61.47,-6.81,43.18,41.32
306,kargasok,RU,80,12/04/2019,88,59.06,80.87,6.04,7.92
307,lerwick,GB,40,12/04/2019,81,60.15,-1.15,44.6,41.38
308,sibolga,ID,85,12/04/2019,97,1.74,98.78,71.42,2.95
309,jumla,NP,72,12/04/2019,22,29.28,82.18,32.27,5.84
310,auki,SB,50,12/04/2019,76,-8.77,160.7,83.1,11.27
311,vestmanna,FO,99,12/04/2019,69,62.16,-7.17,37.4,23.04
312,bozdar,PK,99,12/04/2019,77,27.18,68.64,60.8,6.93
313,annau,TM,40,12/04/2019,81,37.89,58.52,44.6,2.24
314,merauke,ID,99,12/04/2019,86,-8.49,140.4,78.76,2.21
315,gizo,SB,61,12/04/2019,88,-8.1,156.84,77.14,5.93
316,jaicos,BR,80,12/04/2019,16,-7.36,-41.14,102.11,8.14
317,victor harbor,AU,75,12/04/2019,77,-35.55,138.62,59,8.05
318,koungheul,SN,98,12/04/2019,11,13.98,-14.8,93.07,8.1
319,riihimaki,FI,67,12/04/2019,86,60.74,24.78,37.99,9.17
320,boca do acre,BR,100,12/04/2019,89,-8.76,-67.39,76.64,1.77
321,moerai,PF,93,12/04/2019,85,-22.43,-151.33,75.81,15.37
322,barbosa ferraz,BR,40,12/04/2019,78,-24.03,-52.01,87.01,14.99
323,cayenne,GF,75,12/04/2019,62,4.94,-52.33,87.8,16.11
324,maragogi,BR,97,12/04/2019,73,-9.01,-35.22,80.73,11.63
325,meulaboh,ID,100,12/04/2019,72,4.14,96.13,82.27,3.2
326,victoria,SC,40,12/04/2019,79,-4.62,55.45,84.2,11.41
327,babstovo,RU,46,12/04/2019,80,48.12,132.48,-4.25,10.22
328,wajir,KE,5,12/04/2019,78,1.75,40.07,82.4,5.37
329,mlonggo,ID,74,12/04/2019,73,-6.53,110.7,83.86,8.99
330,ixtapa,MX,5,12/04/2019,65,20.71,-105.21,82.4,5.82
331,whitley bay,GB,40,12/04/2019,87,55.04,-1.44,46,6.93
332,mantua,CU,39,12/04/2019,59,22.29,-84.28,76.48,9.98
333,adrar,DZ,0,12/04/2019,28,27.87,-0.29,69.8,4.7
334,arraial do cabo,BR,40,12/04/2019,69,-22.97,-42.02,80.6,23.04
335,longyearbyen,SJ,75,12/04/2019,68,78.22,15.64,30.2,36.91
336,papetoai,PF,40,12/04/2019,70,-17.5,-149.87,84.2,8.05
337,xinzhi,CN,0,12/04/2019,39,36.5,111.7,28.54,1.86
338,mnogovershinnyy,RU,100,12/04/2019,95,53.94,139.92,-2.85,11.63
339,barra do bugres,BR,39,12/04/2019,39,-15.07,-57.19,96.21,4.52
340,fastiv,UA,40,12/04/2019,78,50.08,29.92,32,15.66
341,agadir,MA,75,12/04/2019,72,30.42,-9.58,60.8,11.41
342,saint-francois,GP,20,12/04/2019,66,16.25,-61.27,86,14.99
343,namibe,AO,82,12/04/2019,80,-15.19,12.15,74.01,5.73
344,miyako,JP,38,12/04/2019,70,33.63,130.94,46,8.05
345,maceio,BR,40,12/04/2019,58,-9.67,-35.74,86,16.11
346,sinnamary,GF,18,12/04/2019,76,5.38,-52.96,81.95,13.56
347,jiaocheng,CN,51,12/04/2019,40,24.68,116.14,41.45,4.09
348,beterou,BJ,84,12/04/2019,17,9.2,2.26,86.31,2.37
349,at-bashi,KG,4,12/04/2019,23,41.17,75.81,12.79,10.33
350,antofagasta,CL,20,12/04/2019,52,-23.65,-70.4,69.8,14.99
351,yilan,CN,5,12/04/2019,69,43.11,129.52,-1.59,13.24
352,bahile,PH,20,12/04/2019,88,10,118.79,77,4.7
353,clovis,US,90,12/04/2019,87,36.83,-119.7,53.6,8.05
354,grand gaube,MU,75,12/04/2019,78,-20.01,57.66,78.01,10.29
355,hualmay,PE,15,12/04/2019,55,-11.1,-77.61,76.33,10.22
356,bafia,CM,8,12/04/2019,70,4.74,11.22,74.19,4
357,emerald,AU,8,12/04/2019,73,-23.53,148.16,75.2,9.17
358,raudeberg,NO,75,12/04/2019,93,61.99,5.14,46.4,29.97
359,navrongo,GH,9,12/04/2019,13,10.89,-1.09,88.77,7.49
360,esperance,AU,90,12/04/2019,87,-33.86,121.89,60.8,10.29
361,cambara,BR,44,12/04/2019,45,-23.05,-50.07,90.36,5.14
362,teya,RU,38,12/04/2019,96,60.37,92.63,-1.28,3.78
363,presidencia roque saenz pena,AR,97,12/04/2019,40,-26.79,-60.44,81.37,5.84
364,atar,MR,0,12/04/2019,28,20.52,-13.05,71.44,10.65
365,anuradhapura,LK,100,12/04/2019,96,8.34,80.41,73.63,6.06
366,seydi,TM,100,12/04/2019,55,39.48,62.91,53.2,3.38
367,katsuura,JP,20,12/04/2019,65,33.93,134.5,46.99,10.29
368,kuminskiy,RU,100,12/04/2019,93,58.67,66.57,13.59,6.8
369,sorland,NO,75,12/04/2019,93,67.67,12.69,44.6,20.8
370,acapulco,MX,20,12/04/2019,58,16.86,-99.88,87.8,3.36
371,anaconda,US,1,12/04/2019,85,46.13,-112.94,34,8.72
372,okhotsk,RU,0,12/04/2019,57,59.36,143.24,-4.45,25.95
373,east london,ZA,40,12/04/2019,59,-33.02,27.91,64.4,4.7
374,san patricio,MX,5,12/04/2019,62,19.22,-104.7,89.6,6.93
375,georgetown,SH,40,12/04/2019,74,-7.93,-14.42,78.8,18.34
376,mbinga,TZ,97,12/04/2019,87,-10.95,35,64.76,3.24
377,severo-kurilsk,RU,96,12/04/2019,95,50.68,156.12,17.76,7.96
378,jamestown,SH,87,12/04/2019,76,-15.94,-5.72,69.39,15.23
379,ukiah,US,90,12/04/2019,100,39.15,-123.21,55,3.29
380,severodvinsk,RU,90,12/04/2019,92,64.56,39.82,15.8,4.47
381,goma,CD,88,12/04/2019,97,-1.67,29.23,58.15,1.48
382,calama,CL,36,12/04/2019,8,-22.46,-68.93,77,20.8
383,verkhnevilyuysk,RU,100,12/04/2019,98,63.45,120.31,-18.67,3.76
384,gorontalo,ID,100,12/04/2019,89,0.54,123.06,74.23,2.53
385,rawson,AR,0,12/04/2019,66,-43.3,-65.11,53.91,11.41
386,yasnyy,RU,51,12/04/2019,97,64.04,44.09,8.13,2.39
387,taoudenni,ML,0,12/04/2019,30,22.68,-3.98,63.61,2.55
388,mahebourg,MU,75,12/04/2019,78,-20.41,57.7,78.01,10.29
389,notre-dame-du-lac,CA,1,12/04/2019,63,47.61,-68.8,28.4,8.05
390,hasaki,JP,20,12/04/2019,69,35.73,140.83,44.6,2.24
391,wladyslawowo,PL,75,12/04/2019,80,54.79,18.4,44.01,12.75
392,bambous virieux,MU,75,12/04/2019,78,-20.34,57.76,78.01,10.29
393,biskupiec,PL,75,12/04/2019,93,53.87,20.96,41,8.05
394,thayetmyo,MM,33,12/04/2019,73,19.32,95.18,66.2,4.25
395,balabac,PH,100,12/04/2019,79,7.99,117.06,80.62,6.64
396,geraldton,AU,0,12/04/2019,93,-28.77,114.6,66.2,6.93
397,mega,ET,70,12/04/2019,60,4.06,38.32,69.91,6.89
398,bouafle,CI,40,12/04/2019,49,6.99,-5.74,91.4,4.7
399,tessalit,ML,0,12/04/2019,16,20.2,1.01,75.24,10.47
400,hohhot,CN,0,12/04/2019,84,40.81,111.65,3.2,4.47
401,linares,MX,0,12/04/2019,33,24.86,-99.57,78.04,5.32
402,tiksi,RU,100,12/04/2019,99,71.64,128.87,-26.97,2.17
403,rio gallegos,AR,75,12/04/2019,45,-51.62,-69.22,64.4,28.86
404,fryazino,RU,90,12/04/2019,100,55.95,38.06,30.2,15.66
405,karpathos,GR,90,12/04/2019,88,35.51,27.21,62.6,20.8
406,roald,NO,90,12/04/2019,81,62.58,6.12,46.4,28.86
407,inyonga,TZ,100,12/04/2019,95,-6.72,32.06,65.82,5.68
408,half moon bay,US,90,12/04/2019,87,37.46,-122.43,55.99,8.12
409,labuhan,ID,100,12/04/2019,94,-2.54,115.51,73.85,1.48
410,potsdam,US,1,12/04/2019,66,39.96,-84.42,46.4,19.46
411,nizwa,OM,52,12/04/2019,58,22.93,57.53,64.42,4.43
412,castro,CL,61,12/04/2019,55,-42.48,-73.76,64.4,9.17
413,kushima,JP,30,12/04/2019,65,31.5,131.29,54.3,11.59
414,guerrero negro,MX,100,12/04/2019,41,27.97,-114.04,69.67,1.9
415,cherskiy,RU,5,12/04/2019,99,68.75,161.3,-19.64,3.42
416,grafton,AU,0,12/04/2019,93,-29.69,152.93,55,3.78
417,praya,ID,20,12/04/2019,74,-8.71,116.27,78.8,2.3
418,itacoatiara,BR,61,12/04/2019,38,-3.14,-58.44,96.24,4.99
419,kushiro,JP,0,12/04/2019,56,43.11,144.15,22.06,19.51
420,bodden town,KY,20,12/04/2019,58,19.28,-81.25,82.4,9.17
421,seymchan,RU,100,12/04/2019,93,62.93,152.39,-27.74,7.74
422,yuancheng,CN,0,12/04/2019,37,36.65,107.79,25.38,4.47
423,galashki,RU,90,12/04/2019,100,43.1,44.99,30.2,6.71
424,belyy yar,RU,94,12/04/2019,85,53.6,91.39,12.2,2.24
425,salalah,OM,75,12/04/2019,37,17.01,54.1,84.2,12.75
426,george,ZA,20,12/04/2019,63,-33.96,22.46,60.8,12.75
427,oriximina,BR,16,12/04/2019,47,-1.77,-55.87,92.14,5.7
428,coihaique,CL,84,12/04/2019,40,-45.58,-72.07,68,5.82
429,sur,OM,57,12/04/2019,62,22.57,59.53,72.16,9.57
430,kamina,CD,87,12/04/2019,98,-8.74,25,64.42,2.46
431,tanhacu,BR,67,12/04/2019,26,-14.02,-41.25,97.38,5.79
432,harnai,PK,0,12/04/2019,30,30.1,67.94,55.49,1.77
433,bonavista,CA,61,12/04/2019,86,48.65,-53.11,45,18.01
434,puerto asis,CO,49,12/04/2019,46,0.51,-76.5,92.95,2.62
435,bloemfontein,ZA,20,12/04/2019,55,-29.12,26.22,66.2,8.05
436,bonthe,SL,1,12/04/2019,71,7.53,-12.5,83.53,11.1
437,san luis,AR,0,12/04/2019,20,-33.3,-66.34,76.51,15.79
438,tierralta,CO,63,12/04/2019,76,8.17,-76.06,82.31,3.69
439,orange cove,US,90,12/04/2019,100,36.62,-119.31,53.6,10.29
440,weihai,CN,8,12/04/2019,77,37.5,122.11,38.82,15.14
441,tupik,RU,0,12/04/2019,84,54.43,119.94,-26.54,3.22
442,ponta delgada,PT,20,12/04/2019,59,37.73,-25.67,60.8,9.17
443,russell,NZ,28,12/04/2019,97,-35.26,174.12,66,1.14
444,ugoofaaru,MV,100,12/04/2019,85,5.67,73,80.78,26.37
445,mayo,CA,90,12/04/2019,77,63.59,-135.9,1.4,4.7
446,batagay,RU,100,12/04/2019,96,67.65,134.64,-36.98,0.54
447,rikitea,PF,23,12/04/2019,82,-23.12,-134.97,78.01,5.82
448,brae,GB,40,12/04/2019,75,60.4,-1.35,44.6,32.21
449,svetlaya,RU,89,12/04/2019,64,46.54,138.33,10.54,15.5
450,ponta do sol,PT,75,12/04/2019,59,32.67,-17.1,64.4,14.99
451,soyo,AO,75,12/04/2019,83,-6.13,12.37,80.6,5.82
452,thessalon,CA,90,12/04/2019,77,46.26,-83.55,35.6,5.82
453,aklavik,CA,20,12/04/2019,76,68.22,-135.01,-9.4,6.93
454,biloela,AU,0,12/04/2019,70,-24.4,150.51,65.43,0.49
455,cartagena,CO,40,12/04/2019,69,5.03,-75.64,84.2,4.7
456,tashtyp,RU,52,12/04/2019,85,52.8,89.89,15.3,1.25
457,thompson,CA,90,12/04/2019,85,55.74,-97.86,10.4,3.36
458,harindanga,IN,30,12/04/2019,88,22.04,88.32,62.6,5.82
459,punta arenas,CL,75,12/04/2019,44,-53.16,-70.91,59,35.57
460,djougou,BJ,72,12/04/2019,19,9.71,1.67,89.6,1.12
461,curuca,BR,77,12/04/2019,63,-2.52,-61.06,87.08,5.46
462,neftcala,AZ,92,12/04/2019,83,39.37,49.25,48.43,34.47
463,lichtenfels,DE,0,12/04/2019,79,50.15,11.06,33.01,5.82
464,sorong,ID,89,12/04/2019,96,-0.86,131.25,74.52,1.66
465,avrameni,RO,0,12/04/2019,86,48.02,26.95,27,5.82
466,wenzhou,CN,0,12/04/2019,56,28.02,120.66,42.22,3.6
467,shahrud,IR,87,12/04/2019,71,36.42,54.97,42.62,3.6
468,prince rupert,CA,75,12/04/2019,93,54.32,-130.32,35.6,9.17
469,barrow,US,1,12/04/2019,57,39.51,-90.4,50,11.41
470,pangody,RU,85,12/04/2019,98,65.85,74.49,1.04,10.25
471,nikolskoye,RU,90,12/04/2019,86,59.7,30.79,39.2,11.18
472,lagoa,PT,90,12/04/2019,76,37.14,-8.45,54,8.05
473,iskateley,RU,95,12/04/2019,95,67.68,53.15,15.1,8.03
474,bethel,US,1,12/04/2019,77,60.79,-161.76,-0.4,4.7
475,sovetskiy,RU,100,12/04/2019,95,56.76,48.47,17.83,10
476,broken hill,AU,0,12/04/2019,23,-31.97,141.45,64.4,3.36
477,provideniya,RU,77,12/04/2019,89,64.42,-173.23,5.49,8.95
478,broome,AU,41,12/04/2019,70,-17.97,122.23,86,8.05
479,college,US,75,12/04/2019,77,64.86,-147.8,1.4,1.74
480,quatre cocos,MU,75,12/04/2019,78,-20.21,57.76,78.01,10.29
481,gulfport,US,1,12/04/2019,48,30.37,-89.09,69.8,3.36
482,fairbanks,US,75,12/04/2019,77,64.84,-147.72,-0.4,1.88
483,turukhansk,RU,100,12/04/2019,96,65.8,87.96,0.7,8.37
484,te anau,NZ,100,12/04/2019,86,-45.41,167.72,43.7,8.77
485,comodoro rivadavia,AR,82,12/04/2019,33,-45.87,-67.48,77,14.99
486,bundaberg,AU,90,12/04/2019,100,-24.87,152.35,70,4.7
487,wenatchee,US,90,12/04/2019,92,47.42,-120.31,35.01,1.83
488,vanavara,RU,100,12/04/2019,95,60.35,102.28,5.07,7.92
489,torbay,CA,90,12/04/2019,87,47.66,-52.73,48.2,18.34
490,kenai,US,90,12/04/2019,85,60.55,-151.26,19,5.32
491,burnie,AU,92,12/04/2019,76,-41.05,145.91,53.53,20
492,ketchikan,US,90,12/04/2019,93,55.34,-131.65,37.4,4.7
493,villa guerrero,MX,0,12/04/2019,26,21.98,-103.59,74.35,1.52
494,busselton,AU,0,12/04/2019,35,-33.64,115.35,64,10.94
495,vieira de leiria,PT,20,12/04/2019,71,39.87,-8.94,53.01,6.93
496,kodiak,US,1,12/04/2019,55,39.95,-94.76,51.8,6.93
497,praia da vitoria,PT,75,12/04/2019,72,38.73,-27.07,60.8,10.92
498,novikovo,RU,100,12/04/2019,90,51.15,37.89,26.58,15.19
499,nome,US,1,12/04/2019,40,30.04,-94.42,73,5.01
500,manta,EC,75,12/04/2019,74,-0.95,-80.73,80.6,5.82
501,kavaratti,IN,17,12/04/2019,76,10.57,72.64,83.61,11.86
502,cairns,AU,40,12/04/2019,78,-16.92,145.77,80.6,2.24
503,shevchenkove,UA,100,12/04/2019,79,49.7,37.18,24.8,8.95
504,sitka,US,100,12/04/2019,50,37.17,-99.65,51.01,5.99
505,nisia floresta,BR,40,12/04/2019,62,-6.09,-35.21,86,17.22
506,spas-klepiki,RU,100,12/04/2019,93,55.13,40.18,27.97,13.62
507,port alfred,ZA,38,12/04/2019,71,-33.59,26.89,64,7.52
508,tuktoyaktuk,CA,90,12/04/2019,76,69.44,-133.03,-7.6,17.22
509,takoradi,GH,64,12/04/2019,79,4.89,-1.75,82.09,14.27
510,pevek,RU,5,12/04/2019,86,69.7,170.27,-2.54,0.67
511,narasannapeta,IN,27,12/04/2019,85,18.42,84.04,67.23,4.25
512,novoorsk,RU,90,12/04/2019,85,51.38,58.98,21.2,6.71
513,tetovo,MK,90,12/04/2019,74,42.01,20.97,37.4,2.24
514,yulara,AU,0,12/04/2019,14,-25.24,130.99,71.6,8.05
515,opole lubelskie,PL,90,12/04/2019,77,51.15,21.97,39,13.87
516,nybro,SE,90,12/04/2019,87,56.75,15.91,42.8,14.99
517,havoysund,NO,90,12/04/2019,100,71,24.66,37.4,25.28
518,daia,RO,0,12/04/2019,74,43.99,25.99,37,4.7
519,saint-philippe,RE,75,12/04/2019,69,-21.36,55.77,77,4.7
520,gamba,GA,100,12/04/2019,84,-2.72,10.02,78.69,7.27
521,zhumadian,CN,28,12/04/2019,32,33.01,114.02,41.52,3.87
522,abonnema,NG,89,12/04/2019,83,4.71,6.79,79.79,8.28
523,along,IN,0,12/04/2019,74,28.17,94.8,49.93,4.61
524,kasane,BW,75,12/04/2019,88,-17.8,25.16,69.8,6.93
525,hermanus,ZA,0,12/04/2019,68,-34.42,19.24,70,8.99
526,fasa,IR,0,12/04/2019,81,28.94,53.65,46.4,2.89
527,luba,GQ,20,12/04/2019,74,3.46,8.55,82.4,8.05
528,bluff,NZ,100,12/04/2019,87,-46.6,168.33,46.99,4
529,touros,BR,40,12/04/2019,62,-5.2,-35.46,84.2,17.22
530,dabhol,IN,100,12/04/2019,70,17.6,73.17,81,8.84
531,bo phloi,TH,0,12/04/2019,71,14.32,99.52,60.42,4.43
532,vicksburg,US,1,12/04/2019,34,32.35,-90.88,64.4,5.82
533,coroata,BR,79,12/04/2019,77,-6.39,-44.31,82.8,2.39
534,pennagaram,IN,40,12/04/2019,94,12.13,77.9,66.69,5.82
535,makokou,GA,100,12/04/2019,94,0.56,12.85,72.19,0.76
536,vardo,NO,90,12/04/2019,86,70.37,31.11,30.2,29.97
537,vaini,TO,75,12/04/2019,83,-21.2,-175.2,75.2,5.82
538,angouleme,FR,64,12/04/2019,81,45.65,0.15,48.2,8.05
539,zyryanka,RU,100,12/04/2019,96,65.73,150.89,-19.39,18.14
540,placido de castro,BR,93,12/04/2019,41,-10.34,-67.19,91.83,4.88
541,yuyao,CN,69,12/04/2019,62,30.04,121.15,48.99,2.24
542,goias,BR,100,12/04/2019,96,-15.93,-50.14,71.33,1.36
543,atasu,KZ,100,12/04/2019,82,48.68,71.64,34.56,5.55
544,christchurch,NZ,93,12/04/2019,71,-43.53,172.64,57.99,4.7
545,ilulissat,GL,90,12/04/2019,78,69.22,-51.1,15.8,6.93
546,inuvik,CA,90,12/04/2019,75,68.36,-133.71,-9.4,2.24
547,peterhead,GB,83,12/04/2019,80,57.51,-1.8,44.01,10.29
548,kuryk,KZ,100,12/04/2019,79,43.18,51.68,42.31,26.57
549,den helder,NL,45,12/04/2019,100,52.96,4.76,42.8,5.82
550,priiskovyy,RU,0,12/04/2019,76,51.93,116.63,-23.06,2.8
551,aquiraz,BR,20,12/04/2019,62,-3.9,-38.39,86,17.22
552,padang,ID,98,12/04/2019,94,-0.92,100.36,68.09,4.16
553,aracati,BR,100,12/04/2019,48,-4.56,-37.77,88.79,13.71
554,nanortalik,GL,33,12/04/2019,54,60.14,-45.24,23.52,22.91
555,chicama,PE,20,12/04/2019,77,-7.84,-79.15,69.8,11.41
556,iqaluit,CA,75,12/04/2019,72,63.75,-68.52,10.4,5.82
557,tiznit,MA,97,12/04/2019,83,29.7,-9.73,51.62,10.54
558,ko samui,TH,93,12/04/2019,77,9.54,99.94,79.34,17.38
559,aleksandrov gay,RU,82,12/04/2019,91,50.14,48.57,20.79,11.65
560,narsaq,GL,20,12/04/2019,40,60.91,-46.05,14,5.82
561,dikson,RU,100,12/04/2019,96,73.51,80.55,-2.99,9.6
562,mouila,GA,100,12/04/2019,94,-1.86,11.06,75.07,4.63
563,tadine,NC,83,12/04/2019,91,-21.55,167.88,72.05,4.18
564,camacha,PT,40,12/04/2019,51,33.08,-16.33,64.4,32.21
565,jinan,CN,0,12/04/2019,33,36.65,117.11,36.81,3.47
566,qaanaaq,GL,95,12/04/2019,84,77.48,-69.36,-1.19,2.3
567,jasper,CA,100,12/04/2019,96,52.88,-118.08,22.89,4.14
568,ingraj bazar,IN,0,12/04/2019,39,25,88.15,65.1,6.17
569,paamiut,GL,20,12/04/2019,50,61.99,-49.67,14.68,11.32
570,mestia,GE,99,12/04/2019,92,43.04,42.73,14.45,3.83
